{
    "name": "root",
    "gauges": {
        "WallPlacer.Policy.Entropy.mean": {
            "value": 1.596326470375061,
            "min": 1.4257564544677734,
            "max": 1.596326470375061,
            "count": 4318
        },
        "WallPlacer.Policy.Entropy.sum": {
            "value": 31.926528930664062,
            "min": 25.663616180419922,
            "max": 33.305782318115234,
            "count": 4318
        },
        "WallPlacer.Environment.EpisodeLength.mean": {
            "value": 0.0,
            "min": 0.0,
            "max": 0.0,
            "count": 4318
        },
        "WallPlacer.Environment.EpisodeLength.sum": {
            "value": 0.0,
            "min": 0.0,
            "max": 0.0,
            "count": 4318
        },
        "WallPlacer.Step.mean": {
            "value": 88099.0,
            "min": 1759.0,
            "max": 88099.0,
            "count": 4318
        },
        "WallPlacer.Step.sum": {
            "value": 88099.0,
            "min": 1759.0,
            "max": 88099.0,
            "count": 4318
        },
        "WallPlacer.Policy.ExtrinsicValueEstimate.mean": {
            "value": 12.491750717163086,
            "min": 10.743467330932617,
            "max": 12.870991706848145,
            "count": 4318
        },
        "WallPlacer.Policy.ExtrinsicValueEstimate.sum": {
            "value": 249.8350067138672,
            "min": 188.59254455566406,
            "max": 257.4198303222656,
            "count": 4318
        },
        "WallPlacer.Environment.CumulativeReward.mean": {
            "value": 12.442000102996825,
            "min": 10.927549505233765,
            "max": 12.513366460800171,
            "count": 4318
        },
        "WallPlacer.Environment.CumulativeReward.sum": {
            "value": 248.84000205993652,
            "min": 202.53106212615967,
            "max": 250.26732921600342,
            "count": 4318
        },
        "WallPlacer.Policy.ExtrinsicReward.mean": {
            "value": 12.442000102996825,
            "min": 10.927549505233765,
            "max": 12.513366460800171,
            "count": 4318
        },
        "WallPlacer.Policy.ExtrinsicReward.sum": {
            "value": 248.84000205993652,
            "min": 202.53106212615967,
            "max": 250.26732921600342,
            "count": 4318
        },
        "WallPlacer.IsTraining.mean": {
            "value": 1.0,
            "min": 1.0,
            "max": 1.0,
            "count": 4318
        },
        "WallPlacer.IsTraining.sum": {
            "value": 1.0,
            "min": 1.0,
            "max": 1.0,
            "count": 4318
        },
        "WallPlacer.Losses.PolicyLoss.mean": {
            "value": 0.18963364566055438,
            "min": 0.09265719742203753,
            "max": 0.2830568961799145,
            "count": 669
        },
        "WallPlacer.Losses.PolicyLoss.sum": {
            "value": 0.18963364566055438,
            "min": 0.09265719742203753,
            "max": 0.2830568961799145,
            "count": 669
        },
        "WallPlacer.Losses.ValueLoss.mean": {
            "value": 0.05987064162036404,
            "min": 0.015819610096514225,
            "max": 1.121676879003644,
            "count": 669
        },
        "WallPlacer.Losses.ValueLoss.sum": {
            "value": 0.05987064162036404,
            "min": 0.015819610096514225,
            "max": 1.121676879003644,
            "count": 669
        },
        "WallPlacer.Policy.LearningRate.mean": {
            "value": 0.000299471742176086,
            "min": 0.000299471742176086,
            "max": 0.000299988774003742,
            "count": 669
        },
        "WallPlacer.Policy.LearningRate.sum": {
            "value": 0.000299471742176086,
            "min": 0.000299471742176086,
            "max": 0.000299988774003742,
            "count": 669
        },
        "WallPlacer.Policy.Epsilon.mean": {
            "value": 0.19982391400000002,
            "min": 0.19982391400000002,
            "max": 0.199996258,
            "count": 669
        },
        "WallPlacer.Policy.Epsilon.sum": {
            "value": 0.19982391400000002,
            "min": 0.19982391400000002,
            "max": 0.199996258,
            "count": 669
        },
        "WallPlacer.Policy.Beta.mean": {
            "value": 0.0049912133086,
            "min": 0.0049912133086,
            "max": 0.0049998132742,
            "count": 669
        },
        "WallPlacer.Policy.Beta.sum": {
            "value": 0.0049912133086,
            "min": 0.0049912133086,
            "max": 0.0049998132742,
            "count": 669
        }
    },
    "metadata": {
        "timer_format_version": "0.1.0",
        "start_time_seconds": "1718406209",
        "python_version": "3.7.16 (default, Jan 17 2023, 16:06:28) [MSC v.1916 64 bit (AMD64)]",
        "command_line_arguments": "C:\\Users\\elect\\.conda\\envs\\ml-agents-2020\\Scripts\\mlagents-learn config\\WallPlacerConfig.yaml --run-id=wall03 --env=Builds\\ForcedWall\\CrowdSim --num-envs=8 --resume",
        "mlagents_version": "0.29.0",
        "mlagents_envs_version": "0.29.0",
        "communication_protocol_version": "1.5.0",
        "pytorch_version": "1.13.1+cpu",
        "numpy_version": "1.21.2",
        "end_time_seconds": "1718567545"
    },
    "total": 161332.9794545,
    "count": 1,
    "self": 6.752246799995191,
    "children": {
        "run_training.setup": {
            "total": 1.2133032000000004,
            "count": 1,
            "self": 1.2133032000000004
        },
        "TrainerController.start_learning": {
            "total": 161325.0139045,
            "count": 1,
            "self": 5.490254597592866,
            "children": {
                "TrainerController._reset_env": {
                    "total": 12.782659599999999,
                    "count": 1,
                    "self": 12.782659599999999
                },
                "TrainerController.advance": {
                    "total": 161306.5487387024,
                    "count": 86322,
                    "self": 2.9680498020607047,
                    "children": {
                        "env_step": {
                            "total": 161303.58068890034,
                            "count": 86322,
                            "self": 160827.3118081976,
                            "children": {
                                "SubprocessEnvManager._take_step": {
                                    "total": 473.3387458990651,
                                    "count": 86369,
                                    "self": 15.871856501242746,
                                    "children": {
                                        "TorchPolicy.evaluate": {
                                            "total": 457.46688939782234,
                                            "count": 86369,
                                            "self": 109.38299829866389,
                                            "children": {
                                                "TorchPolicy.sample_actions": {
                                                    "total": 348.08389109915845,
                                                    "count": 86369,
                                                    "self": 348.08389109915845
                                                }
                                            }
                                        }
                                    }
                                },
                                "workers": {
                                    "total": 2.9301348036726296,
                                    "count": 86321,
                                    "self": 0.0,
                                    "children": {
                                        "worker_root": {
                                            "total": 1290426.7351334118,
                                            "count": 86361,