{
    "name": "root",
    "gauges": {
        "WallPlacer.Policy.Entropy.mean": {
            "value": 1.324582815170288,
            "min": 1.324582815170288,
            "max": 1.3322702646255493,
            "count": 99
        },
        "WallPlacer.Policy.Entropy.sum": {
            "value": 169.54660034179688,
            "min": 99.9202651977539,
            "max": 170.5305938720703,
            "count": 99
        },
        "WallPlacer.Environment.EpisodeLength.mean": {
            "value": 0.0,
            "min": 0.0,
            "max": 0.0,
            "count": 99
        },
        "WallPlacer.Environment.EpisodeLength.sum": {
            "value": 0.0,
            "min": 0.0,
            "max": 0.0,
            "count": 99
        },
        "WallPlacer.Step.mean": {
            "value": 118527.0,
            "min": 105983.0,
            "max": 118527.0,
            "count": 99
        },
        "WallPlacer.Step.sum": {
            "value": 118527.0,
            "min": 105983.0,
            "max": 118527.0,
            "count": 99
        },
        "WallPlacer.Policy.ExtrinsicValueEstimate.mean": {
            "value": 22.29825782775879,
            "min": 19.926959991455078,
            "max": 22.47336196899414,
            "count": 99
        },
        "WallPlacer.Policy.ExtrinsicValueEstimate.sum": {
            "value": 2854.177001953125,
            "min": 1646.017822265625,
            "max": 2876.59033203125,
            "count": 99
        },
        "WallPlacer.Environment.CumulativeReward.mean": {
            "value": 19.906842328608036,
            "min": 19.808246046304703,
            "max": 22.626986496150494,
            "count": 99
        },
        "WallPlacer.Environment.CumulativeReward.sum": {
            "value": 2548.0758180618286,
            "min": 1605.424566268921,
            "max": 2896.254271507263,
            "count": 99
        },
        "WallPlacer.Policy.ExtrinsicReward.mean": {
            "value": 19.906842328608036,
            "min": 19.808246046304703,
            "max": 22.626986496150494,
            "count": 99
        },
        "WallPlacer.Policy.ExtrinsicReward.sum": {
            "value": 2548.0758180618286,
            "min": 1605.424566268921,
            "max": 2896.254271507263,
            "count": 99
        },
        "WallPlacer.IsTraining.mean": {
            "value": 1.0,
            "min": 1.0,
            "max": 1.0,
            "count": 99
        },
        "WallPlacer.IsTraining.sum": {
            "value": 1.0,
            "min": 1.0,
            "max": 1.0,
            "count": 99
        },
        "WallPlacer.Losses.PolicyLoss.mean": {
            "value": 0.04974256355320297,
            "min": 0.039288699418102625,
            "max": 0.052194550974915425,
            "count": 4
        },
        "WallPlacer.Losses.PolicyLoss.sum": {
            "value": 0.04974256355320297,
            "min": 0.039288699418102625,
            "max": 0.052194550974915425,
            "count": 4
        },
        "WallPlacer.Losses.ValueLoss.mean": {
            "value": 20.426160017649334,
            "min": 20.426160017649334,
            "max": 23.054193369547527,
            "count": 4
        },
        "WallPlacer.Losses.ValueLoss.sum": {
            "value": 20.426160017649334,
            "min": 20.426160017649334,
            "max": 23.054193369547527,
            "count": 4
        },
        "WallPlacer.Policy.LearningRate.mean": {
            "value": 0.0002993030822323061,
            "min": 0.0002993030822323061,
            "max": 0.00029934918021694,
            "count": 4
        },
        "WallPlacer.Policy.LearningRate.sum": {
            "value": 0.0002993030822323061,
            "min": 0.0002993030822323061,
            "max": 0.00029934918021694,
            "count": 4
        },
        "WallPlacer.Policy.Epsilon.mean": {
            "value": 0.19976769400000005,
            "min": 0.19976769400000005,
            "max": 0.19978305999999996,
            "count": 4
        },
        "WallPlacer.Policy.Epsilon.sum": {
            "value": 0.19976769400000005,
            "min": 0.19976769400000005,
            "max": 0.19978305999999996,
            "count": 4
        },
        "WallPlacer.Policy.Beta.mean": {
            "value": 0.004988407930600001,
            "min": 0.004988407930600001,
            "max": 0.004989174694000001,
            "count": 4
        },
        "WallPlacer.Policy.Beta.sum": {
            "value": 0.004988407930600001,
            "min": 0.004988407930600001,
            "max": 0.004989174694000001,
            "count": 4
        }
    },
    "metadata": {
        "timer_format_version": "0.1.0",
        "start_time_seconds": "1719271003",
        "python_version": "3.7.16 (default, Jan 17 2023, 16:06:28) [MSC v.1916 64 bit (AMD64)]",
        "command_line_arguments": "C:\\Users\\elect\\.conda\\envs\\ml-agents-2020\\Scripts\\mlagents-learn config\\WallPlacerConfig.yaml --run-id=wall05 --env=Builds\\ScaleableWall\\CrowdSim --num-envs=8 --resume",
        "mlagents_version": "0.29.0",
        "mlagents_envs_version": "0.29.0",
        "communication_protocol_version": "1.5.0",
        "pytorch_version": "1.13.1+cpu",
        "numpy_version": "1.21.2",
        "end_time_seconds": "1719300381"
    },
    "total": 29377.590164,
    "count": 1,
    "self": 6.484191400002601,
    "children": {
        "run_training.setup": {
            "total": 0.759252,
            "count": 1,
            "self": 0.759252
        },
        "TrainerController.start_learning": {
            "total": 29370.3467206,
            "count": 1,
            "self": 0.8477797000559804,
            "children": {
                "TrainerController._reset_env": {
                    "total": 11.147923,
                    "count": 1,
                    "self": 11.147923
                },
                "TrainerController.advance": {
                    "total": 29358.100691299944,
                    "count": 12705,
                    "self": 0.4550445997338102,
                    "children": {
                        "env_step": {
                            "total": 29357.64564670021,
                            "count": 12705,
                            "self": 29286.70490350027,
                            "children": {
                                "SubprocessEnvManager._take_step": {
                                    "total": 70.50307099985596,
                                    "count": 12715,
                                    "self": 2.222357299729552,
                                    "children": {
                                        "TorchPolicy.evaluate": {
                                            "total": 68.28071370012641,
                                            "count": 12715,
                                            "self": 14.046024200272086,
                                            "children": {
                                                "TorchPolicy.sample_actions": {
                                                    "total": 54.234689499854326,
                                                    "count": 12715,
                                                    "self": 54.234689499854326
                                                }
                                            }
                                        }
                                    }
                                },
                                "workers": {
                                    "total": 0.43767220008340146,
                                    "count": 12704,
                                    "self": 0.0,
                                    "children": {
                                        "worker_root": {
                                            "total": 234782.93932440053,
                                            "count": 12707,
                                            "is_parallel": true,