{
    "name": "root",
    "gauges": {
        "WallPlacer.Policy.Entropy.mean": {
            "value": 1.1873257160186768,
            "min": 1.1873257160186768,
            "max": 1.2679976224899292,
            "count": 568
        },
        "WallPlacer.Policy.Entropy.sum": {
            "value": 151.97769165039062,
            "min": 90.02783203125,
            "max": 162.30369567871094,
            "count": 568
        },
        "WallPlacer.Environment.EpisodeLength.mean": {
            "value": 0.0,
            "min": 0.0,
            "max": 0.0,
            "count": 568
        },
        "WallPlacer.Environment.EpisodeLength.sum": {
            "value": 0.0,
            "min": 0.0,
            "max": 0.0,
            "count": 568
        },
        "WallPlacer.Step.mean": {
            "value": 255743.0,
            "min": 183167.0,
            "max": 255743.0,
            "count": 568
        },
        "WallPlacer.Step.sum": {
            "value": 255743.0,
            "min": 183167.0,
            "max": 255743.0,
            "count": 568
        },
        "WallPlacer.Policy.ExtrinsicValueEstimate.mean": {
            "value": 24.217531204223633,
            "min": 15.935624122619629,
            "max": 25.445798873901367,
            "count": 568
        },
        "WallPlacer.Policy.ExtrinsicValueEstimate.sum": {
            "value": 3099.843994140625,
            "min": 1115.4940185546875,
            "max": 3257.062255859375,
            "count": 568
        },
        "WallPlacer.Environment.CumulativeReward.mean": {
            "value": 24.769904404878616,
            "min": 20.722533382475376,
            "max": 25.063173592090607,
            "count": 568
        },
        "WallPlacer.Environment.CumulativeReward.sum": {
            "value": 3170.547763824463,
            "min": 1547.7091283798218,
            "max": 3208.0862197875977,
            "count": 568
        },
        "WallPlacer.Policy.ExtrinsicReward.mean": {
            "value": 24.769904404878616,
            "min": 20.722533382475376,
            "max": 25.063173592090607,
            "count": 568
        },
        "WallPlacer.Policy.ExtrinsicReward.sum": {
            "value": 3170.547763824463,
            "min": 1547.7091283798218,
            "max": 3208.0862197875977,
            "count": 568
        },
        "WallPlacer.IsTraining.mean": {
            "value": 1.0,
            "min": 1.0,
            "max": 1.0,
            "count": 568
        },
        "WallPlacer.IsTraining.sum": {
            "value": 1.0,
            "min": 1.0,
            "max": 1.0,
            "count": 568
        },
        "WallPlacer.Losses.PolicyLoss.mean": {
            "value": 0.03324411130743101,
            "min": 0.03324411130743101,
            "max": 0.060607010970124976,
            "count": 28
        },
        "WallPlacer.Losses.PolicyLoss.sum": {
            "value": 0.03324411130743101,
            "min": 0.03324411130743101,
            "max": 0.060607010970124976,
            "count": 28
        },
        "WallPlacer.Losses.ValueLoss.mean": {
            "value": 3.426325746377309,
            "min": 0.9824683646361033,
            "max": 20.95949649810791,
            "count": 28
        },
        "WallPlacer.Losses.ValueLoss.sum": {
            "value": 3.426325746377309,
            "min": 0.9824683646361033,
            "max": 20.95949649810791,
            "count": 28
        },
        "WallPlacer.Policy.LearningRate.mean": {
            "value": 0.0002984711705096099,
            "min": 0.0002984711705096099,
            "max": 0.0002988860523713159,
            "count": 28
        },
        "WallPlacer.Policy.LearningRate.sum": {
            "value": 0.0002984711705096099,
            "min": 0.0002984711705096099,
            "max": 0.0002988860523713159,
            "count": 28
        },
        "WallPlacer.Policy.Epsilon.mean": {
            "value": 0.19949039000000007,
            "min": 0.19949039000000007,
            "max": 0.19962868400000006,
            "count": 28
        },
        "WallPlacer.Policy.Epsilon.sum": {
            "value": 0.19949039000000007,
            "min": 0.19949039000000007,
            "max": 0.19962868400000006,
            "count": 28
        },
        "WallPlacer.Policy.Beta.mean": {
            "value": 0.004974570461,
            "min": 0.004974570461,
            "max": 0.004981471331600002,
            "count": 28
        },
        "WallPlacer.Policy.Beta.sum": {
            "value": 0.004974570461,
            "min": 0.004974570461,
            "max": 0.004981471331600002,
            "count": 28
        }
    },
    "metadata": {
        "timer_format_version": "0.1.0",
        "start_time_seconds": "1719434197",
        "python_version": "3.7.16 (default, Jan 17 2023, 16:06:28) [MSC v.1916 64 bit (AMD64)]",
        "command_line_arguments": "C:\\Users\\elect\\.conda\\envs\\ml-agents-2020\\Scripts\\mlagents-learn config\\WallPlacerConfig.yaml --run-id=wall05 --env=Builds\\ScaleableWall\\CrowdSim --num-envs=8 --resume",
        "mlagents_version": "0.29.0",
        "mlagents_envs_version": "0.29.0",
        "communication_protocol_version": "1.5.0",
        "pytorch_version": "1.13.1+cpu",
        "numpy_version": "1.21.2",
        "end_time_seconds": "1719592813"
    },
    "total": 158613.2137089,
    "count": 1,
    "self": 6.3744678999937605,
    "children": {
        "run_training.setup": {
            "total": 0.7905755999999995,
            "count": 1,
            "self": 0.7905755999999995
        },
        "TrainerController.start_learning": {
            "total": 158606.0486654,
            "count": 1,
            "self": 4.7446303987526335,
            "children": {
                "TrainerController._reset_env": {
                    "total": 11.5842694,
                    "count": 1,
                    "self": 11.5842694
                },
                "TrainerController.advance": {
                    "total": 158589.39981720128,
                    "count": 72687,
                    "self": 2.603546901489608,
                    "children": {
                        "env_step": {
                            "total": 158586.7962702998,
                            "count": 72687,
                            "self": 158188.50865580232,
                            "children": {
                                "SubprocessEnvManager._take_step": {
                                    "total": 395.7014795999751,
                                    "count": 72716,
                                    "self": 12.658653898952707,
                                    "children": {
                                        "TorchPolicy.evaluate": {
                                            "total": 383.04282570102237,
                                            "count": 72716,
                                            "self": 82.26881100214962,
                                            "children": {
                                                "TorchPolicy.sample_actions": {
                                                    "total": 300.77401469887275,
                                                    "count": 72716,
                                                    "self": 300.77401469887275
                                                }
                                            }
                                        }
                                    }
                                },
                                "workers": {
                                    "total": 2.5861348974900693,
                                    "count": 72686,
                                    "self": 0.0,
                                    "children": {
                                        "worker_root": {
                                            "total": 1268655.446958306,
                                            "count": 72708,