{
    "name": "root",
    "gauges": {
        "WallPlacer.Policy.Entropy.mean": {
            "value": 1.2999866008758545,
            "min": 1.2999866008758545,
            "max": 1.324582815170288,
            "count": 167
        },
        "WallPlacer.Policy.Entropy.sum": {
            "value": 166.39828491210938,
            "min": 52.98330307006836,
            "max": 169.54660034179688,
            "count": 167
        },
        "WallPlacer.Environment.EpisodeLength.mean": {
            "value": 0.0,
            "min": 0.0,
            "max": 0.0,
            "count": 167
        },
        "WallPlacer.Environment.EpisodeLength.sum": {
            "value": 0.0,
            "min": 0.0,
            "max": 0.0,
            "count": 167
        },
        "WallPlacer.Step.mean": {
            "value": 139903.0,
            "min": 118655.0,
            "max": 139903.0,
            "count": 167
        },
        "WallPlacer.Step.sum": {
            "value": 139903.0,
            "min": 118655.0,
            "max": 139903.0,
            "count": 167
        },
        "WallPlacer.Policy.ExtrinsicValueEstimate.mean": {
            "value": 17.228700637817383,
            "min": 17.228700637817383,
            "max": 22.29826545715332,
            "count": 167
        },
        "WallPlacer.Policy.ExtrinsicValueEstimate.sum": {
            "value": 2205.273681640625,
            "min": 869.63232421875,
            "max": 2854.177001953125,
            "count": 167
        },
        "WallPlacer.Environment.CumulativeReward.mean": {
            "value": 17.74086856842041,
            "min": 17.443525411188602,
            "max": 19.19843614846468,
            "count": 167
        },
        "WallPlacer.Environment.CumulativeReward.sum": {
            "value": 2270.8311767578125,
            "min": 691.9972801208496,
            "max": 2457.399827003479,
            "count": 167
        },
        "WallPlacer.Policy.ExtrinsicReward.mean": {
            "value": 17.74086856842041,
            "min": 17.443525411188602,
            "max": 19.19843614846468,
            "count": 167
        },
        "WallPlacer.Policy.ExtrinsicReward.sum": {
            "value": 2270.8311767578125,
            "min": 691.9972801208496,
            "max": 2457.399827003479,
            "count": 167
        },
        "WallPlacer.IsTraining.mean": {
            "value": 1.0,
            "min": 1.0,
            "max": 1.0,
            "count": 167
        },
        "WallPlacer.IsTraining.sum": {
            "value": 1.0,
            "min": 1.0,
            "max": 1.0,
            "count": 167
        },
        "WallPlacer.Losses.PolicyLoss.mean": {
            "value": 0.044827298657037315,
            "min": 0.04247677951740722,
            "max": 0.055171226360835136,
            "count": 8
        },
        "WallPlacer.Losses.PolicyLoss.sum": {
            "value": 0.044827298657037315,
            "min": 0.04247677951740722,
            "max": 0.055171226360835136,
            "count": 8
        },
        "WallPlacer.Losses.ValueLoss.mean": {
            "value": 14.217136510213216,
            "min": 10.857113790512084,
            "max": 14.223593680063884,
            "count": 8
        },
        "WallPlacer.Losses.ValueLoss.sum": {
            "value": 14.217136510213216,
            "min": 10.857113790512084,
            "max": 14.223593680063884,
            "count": 8
        },
        "WallPlacer.Policy.LearningRate.mean": {
            "value": 0.0002991653762782081,
            "min": 0.0002991653762782081,
            "max": 0.00029927293824235393,
            "count": 8
        },
        "WallPlacer.Policy.LearningRate.sum": {
            "value": 0.0002991653762782081,
            "min": 0.0002991653762782081,
            "max": 0.00029927293824235393,
            "count": 8
        },
        "WallPlacer.Policy.Epsilon.mean": {
            "value": 0.199721792,
            "min": 0.199721792,
            "max": 0.19975764600000004,
            "count": 8
        },
        "WallPlacer.Policy.Epsilon.sum": {
            "value": 0.199721792,
            "min": 0.199721792,
            "max": 0.19975764600000004,
            "count": 8
        },
        "WallPlacer.Policy.Beta.mean": {
            "value": 0.004986117420799999,
            "min": 0.004986117420799999,
            "max": 0.004987906535399999,
            "count": 8
        },
        "WallPlacer.Policy.Beta.sum": {
            "value": 0.004986117420799999,
            "min": 0.004986117420799999,
            "max": 0.004987906535399999,
            "count": 8
        }
    },
    "metadata": {
        "timer_format_version": "0.1.0",
        "start_time_seconds": "1719301338",
        "python_version": "3.7.16 (default, Jan 17 2023, 16:06:28) [MSC v.1916 64 bit (AMD64)]",
        "command_line_arguments": "C:\\ProgramData\\anaconda3\\envs\\ml-agents\\Scripts\\mlagents-learn config\\WallPlacerConfig.yaml --run-id=wall05 --env=Builds\\ScaleableWall\\CrowdSim --num-envs=8 --resume",
        "mlagents_version": "0.29.0",
        "mlagents_envs_version": "0.29.0",
        "communication_protocol_version": "1.5.0",
        "pytorch_version": "1.13.1+cpu",
        "numpy_version": "1.21.2",
        "end_time_seconds": "1719344176"
    },
    "total": 42837.6088605,
    "count": 1,
    "self": 4.862028699993971,
    "children": {
        "run_training.setup": {
            "total": 0.5701474999999998,
            "count": 1,
            "self": 0.5701474999999998
        },
        "TrainerController.start_learning": {
            "total": 42832.1766843,
            "count": 1,
            "self": 0.991065800357319,
            "children": {
                "TrainerController._reset_env": {
                    "total": 3.6387083000000002,
                    "count": 1,
                    "self": 3.6387083000000002
                },
                "TrainerController.advance": {
                    "total": 42827.465820199635,
                    "count": 21294,
                    "self": 0.46836929952405626,
                    "children": {
                        "env_step": {
                            "total": 42826.99745090011,
                            "count": 21294,
                            "self": 42778.79097180013,
                            "children": {
                                "SubprocessEnvManager._take_step": {
                                    "total": 47.640810199930954,
                                    "count": 21317,
                                    "self": 1.552440699590619,
                                    "children": {
                                        "TorchPolicy.evaluate": {
                                            "total": 46.088369500340335,
                                            "count": 21317,
                                            "self": 11.705677600505155,
                                            "children": {
                                                "TorchPolicy.sample_actions": {
                                                    "total": 34.38269189983518,
                                                    "count": 21317,
                                                    "self": 34.38269189983518
                                                }
                                            }
                                        }
                                    }
                                },
                                "workers": {
                                    "total": 0.5656689000501309,
                                    "count": 21293,
                                    "self": 0.0,
                                    "children": {
                                        "worker_root": {
                                            "total": 342550.4571321988,
                                            "count": 21309,