{
    "name": "root",
    "gauges": {
        "WallPlacer.Policy.Entropy.mean": {
            "value": 1.2859338521957397,
            "min": 1.2859338521957397,
            "max": 1.2999868392944336,
            "count": 158
        },
        "WallPlacer.Policy.Entropy.sum": {
            "value": 164.5995330810547,
            "min": 139.0985870361328,
            "max": 166.39828491210938,
            "count": 158
        },
        "WallPlacer.Environment.EpisodeLength.mean": {
            "value": 0.0,
            "min": 0.0,
            "max": 0.0,
            "count": 158
        },
        "WallPlacer.Environment.EpisodeLength.sum": {
            "value": 0.0,
            "min": 0.0,
            "max": 0.0,
            "count": 158
        },
        "WallPlacer.Step.mean": {
            "value": 160127.0,
            "min": 140031.0,
            "max": 160127.0,
            "count": 158
        },
        "WallPlacer.Step.sum": {
            "value": 160127.0,
            "min": 140031.0,
            "max": 160127.0,
            "count": 158
        },
        "WallPlacer.Policy.ExtrinsicValueEstimate.mean": {
            "value": 21.500673294067383,
            "min": 17.228696823120117,
            "max": 22.16896629333496,
            "count": 158
        },
        "WallPlacer.Policy.ExtrinsicValueEstimate.sum": {
            "value": 2752.086181640625,
            "min": 1826.2418212890625,
            "max": 2837.627685546875,
            "count": 158
        },
        "WallPlacer.Environment.CumulativeReward.mean": {
            "value": 21.564184688031673,
            "min": 20.14959017187357,
            "max": 22.61139775812626,
            "count": 158
        },
        "WallPlacer.Environment.CumulativeReward.sum": {
            "value": 2760.215640068054,
            "min": 2219.071418762207,
            "max": 2894.258913040161,
            "count": 158
        },
        "WallPlacer.Policy.ExtrinsicReward.mean": {
            "value": 21.564184688031673,
            "min": 20.14959017187357,
            "max": 22.61139775812626,
            "count": 158
        },
        "WallPlacer.Policy.ExtrinsicReward.sum": {
            "value": 2760.215640068054,
            "min": 2219.071418762207,
            "max": 2894.258913040161,
            "count": 158
        },
        "WallPlacer.IsTraining.mean": {
            "value": 1.0,
            "min": 1.0,
            "max": 1.0,
            "count": 158
        },
        "WallPlacer.IsTraining.sum": {
            "value": 1.0,
            "min": 1.0,
            "max": 1.0,
            "count": 158
        },
        "WallPlacer.Losses.PolicyLoss.mean": {
            "value": 0.03926839088089764,
            "min": 0.031894094368908554,
            "max": 0.05924165055154541,
            "count": 7
        },
        "WallPlacer.Losses.PolicyLoss.sum": {
            "value": 0.03926839088089764,
            "min": 0.031894094368908554,
            "max": 0.05924165055154541,
            "count": 7
        },
        "WallPlacer.Losses.ValueLoss.mean": {
            "value": 17.41286319096883,
            "min": 15.190937201182047,
            "max": 23.094051837921143,
            "count": 7
        },
        "WallPlacer.Losses.ValueLoss.sum": {
            "value": 17.41286319096883,
            "min": 15.190937201182047,
            "max": 23.094051837921143,
            "count": 7
        },
        "WallPlacer.Policy.LearningRate.mean": {
            "value": 0.0002990528883157039,
            "min": 0.0002990528883157039,
            "max": 0.00029914508428497197,
            "count": 7
        },
        "WallPlacer.Policy.LearningRate.sum": {
            "value": 0.0002990528883157039,
            "min": 0.0002990528883157039,
            "max": 0.00029914508428497197,
            "count": 7
        },
        "WallPlacer.Policy.Epsilon.mean": {
            "value": 0.199684296,
            "min": 0.199684296,
            "max": 0.19971502800000002,
            "count": 7
        },
        "WallPlacer.Policy.Epsilon.sum": {
            "value": 0.199684296,
            "min": 0.199684296,
            "max": 0.19971502800000002,
            "count": 7
        },
        "WallPlacer.Policy.Beta.mean": {
            "value": 0.004984246370400001,
            "min": 0.004984246370400001,
            "max": 0.004985779897200001,
            "count": 7
        },
        "WallPlacer.Policy.Beta.sum": {
            "value": 0.004984246370400001,
            "min": 0.004984246370400001,
            "max": 0.004985779897200001,
            "count": 7
        }
    },
    "metadata": {
        "timer_format_version": "0.1.0",
        "start_time_seconds": "1719344441",
        "python_version": "3.7.16 (default, Jan 17 2023, 16:06:28) [MSC v.1916 64 bit (AMD64)]",
        "command_line_arguments": "C:\\Users\\elect\\.conda\\envs\\ml-agents-2020\\Scripts\\mlagents-learn config\\WallPlacerConfig.yaml --run-id=wall05 --env=Builds\\ScaleableWall\\CrowdSim --num-envs=8 --resume",
        "mlagents_version": "0.29.0",
        "mlagents_envs_version": "0.29.0",
        "communication_protocol_version": "1.5.0",
        "pytorch_version": "1.13.1+cpu",
        "numpy_version": "1.21.2",
        "end_time_seconds": "1719391601"
    },
    "total": 47160.6160063,
    "count": 1,
    "self": 6.103400899999542,
    "children": {
        "run_training.setup": {
            "total": 0.8293941,
            "count": 1,
            "self": 0.8293941
        },
        "TrainerController.start_learning": {
            "total": 47153.6832113,
            "count": 1,
            "self": 1.355356199957896,
            "children": {
                "TrainerController._reset_env": {
                    "total": 11.258007999999998,
                    "count": 1,
                    "self": 11.258007999999998
                },
                "TrainerController.advance": {
                    "total": 47140.85784920004,
                    "count": 20232,
                    "self": 0.7150786998827243,
                    "children": {
                        "env_step": {
                            "total": 47140.142770500155,
                            "count": 20232,
                            "self": 47026.56733539985,
                            "children": {
                                "SubprocessEnvManager._take_step": {
                                    "total": 112.8603393999249,
                                    "count": 20246,
                                    "self": 3.6058657998861747,
                                    "children": {
                                        "TorchPolicy.evaluate": {
                                            "total": 109.25447360003872,
                                            "count": 20246,
                                            "self": 23.422363999634428,
                                            "children": {
                                                "TorchPolicy.sample_actions": {
                                                    "total": 85.8321096004043,
                                                    "count": 20246,
                                                    "self": 85.8321096004043
                                                }
                                            }
                                        }
                                    }
                                },
                                "workers": {
                                    "total": 0.7150957003836211,
                                    "count": 20231,
                                    "self": 0.0,
                                    "children": {
                                        "worker_root": {
                                            "total": 377074.2580303032,
                                            "count": 20238,
                                            "is_parallel": true,