{
    "name": "root",
    "gauges": {
        "WallPlacer.Policy.Entropy.mean": {
            "value": 1.2679976224899292,
            "min": 1.2679976224899292,
            "max": 1.2859338521957397,
            "count": 179
        },
        "WallPlacer.Policy.Entropy.sum": {
            "value": 162.30369567871094,
            "min": 119.59184265136719,
            "max": 164.5995330810547,
            "count": 179
        },
        "WallPlacer.Environment.EpisodeLength.mean": {
            "value": 0.0,
            "min": 0.0,
            "max": 0.0,
            "count": 179
        },
        "WallPlacer.Environment.EpisodeLength.sum": {
            "value": 0.0,
            "min": 0.0,
            "max": 0.0,
            "count": 179
        },
        "WallPlacer.Step.mean": {
            "value": 183039.0,
            "min": 160255.0,
            "max": 183039.0,
            "count": 179
        },
        "WallPlacer.Step.sum": {
            "value": 183039.0,
            "min": 160255.0,
            "max": 183039.0,
            "count": 179
        },
        "WallPlacer.Policy.ExtrinsicValueEstimate.mean": {
            "value": 15.935624122619629,
            "min": 15.935624122619629,
            "max": 21.500686645507812,
            "count": 179
        },
        "WallPlacer.Policy.ExtrinsicValueEstimate.sum": {
            "value": 2039.7598876953125,
            "min": 1978.063232421875,
            "max": 2752.087158203125,
            "count": 179
        },
        "WallPlacer.Environment.CumulativeReward.mean": {
            "value": 17.538583509624004,
            "min": 16.47675299551338,
            "max": 18.499169036746025,
            "count": 179
        },
        "WallPlacer.Environment.CumulativeReward.sum": {
            "value": 2244.9386892318726,
            "min": 1619.6252574920654,
            "max": 2367.893636703491,
            "count": 179
        },
        "WallPlacer.Policy.ExtrinsicReward.mean": {
            "value": 17.538583509624004,
            "min": 16.47675299551338,
            "max": 18.499169036746025,
            "count": 179
        },
        "WallPlacer.Policy.ExtrinsicReward.sum": {
            "value": 2244.9386892318726,
            "min": 1619.6252574920654,
            "max": 2367.893636703491,
            "count": 179
        },
        "WallPlacer.IsTraining.mean": {
            "value": 1.0,
            "min": 1.0,
            "max": 1.0,
            "count": 179
        },
        "WallPlacer.IsTraining.sum": {
            "value": 1.0,
            "min": 1.0,
            "max": 1.0,
            "count": 179
        },
        "WallPlacer.Losses.PolicyLoss.mean": {
            "value": 0.06510461959987879,
            "min": 0.04087176882652178,
            "max": 0.06510461959987879,
            "count": 8
        },
        "WallPlacer.Losses.PolicyLoss.sum": {
            "value": 0.06510461959987879,
            "min": 0.04087176882652178,
            "max": 0.06510461959987879,
            "count": 8
        },
        "WallPlacer.Losses.ValueLoss.mean": {
            "value": 10.873130464553833,
            "min": 7.648051420847575,
            "max": 15.983315658569335,
            "count": 8
        },
        "WallPlacer.Losses.ValueLoss.sum": {
            "value": 10.873130464553833,
            "min": 7.648051420847575,
            "max": 15.983315658569335,
            "count": 8
        },
        "WallPlacer.Policy.LearningRate.mean": {
            "value": 0.00029891609436130185,
            "min": 0.00029891609436130185,
            "max": 0.0002990236563254479,
            "count": 8
        },
        "WallPlacer.Policy.LearningRate.sum": {
            "value": 0.00029891609436130185,
            "min": 0.00029891609436130185,
            "max": 0.0002990236563254479,
            "count": 8
        },
        "WallPlacer.Policy.Epsilon.mean": {
            "value": 0.19963869800000006,
            "min": 0.19963869800000006,
            "max": 0.19967455200000003,
            "count": 8
        },
        "WallPlacer.Policy.Epsilon.sum": {
            "value": 0.19963869800000006,
            "min": 0.19963869800000006,
            "max": 0.19967455200000003,
            "count": 8
        },
        "WallPlacer.Policy.Beta.mean": {
            "value": 0.004981971030200001,
            "min": 0.004981971030200001,
            "max": 0.004983760144800001,
            "count": 8
        },
        "WallPlacer.Policy.Beta.sum": {
            "value": 0.004981971030200001,
            "min": 0.004981971030200001,
            "max": 0.004983760144800001,
            "count": 8
        }
    },
    "metadata": {
        "timer_format_version": "0.1.0",
        "start_time_seconds": "1719391663",
        "python_version": "3.7.16 (default, Jan 17 2023, 16:06:28) [MSC v.1916 64 bit (AMD64)]",
        "command_line_arguments": "C:\\ProgramData\\anaconda3\\envs\\ml-agents\\Scripts\\mlagents-learn config\\WallPlacerConfig.yaml --run-id=wall05 --env=Builds\\ScaleableWall\\CrowdSim --num-envs=8 --resume",
        "mlagents_version": "0.29.0",
        "mlagents_envs_version": "0.29.0",
        "communication_protocol_version": "1.5.0",
        "pytorch_version": "1.13.1+cpu",
        "numpy_version": "1.21.2",
        "end_time_seconds": "1719434079"
    },
    "total": 42415.8287066,
    "count": 1,
    "self": 5.405074700000114,
    "children": {
        "run_training.setup": {
            "total": 0.6024870999999998,
            "count": 1,
            "self": 0.6024870999999998
        },
        "TrainerController.start_learning": {
            "total": 42409.8211448,
            "count": 1,
            "self": 1.1688850003192783,
            "children": {
                "TrainerController._reset_env": {
                    "total": 6.730261,
                    "count": 1,
                    "self": 6.730261
                },
                "TrainerController.advance": {
                    "total": 42401.82539569969,
                    "count": 22921,
                    "self": 0.5567281994735822,
                    "children": {
                        "env_step": {
                            "total": 42401.26866750022,
                            "count": 22921,
                            "self": 42341.7238239005,
                            "children": {
                                "SubprocessEnvManager._take_step": {
                                    "total": 58.92992789988585,
                                    "count": 22942,
                                    "self": 1.907211500062374,
                                    "children": {
                                        "TorchPolicy.evaluate": {
                                            "total": 57.02271639982347,
                                            "count": 22942,
                                            "self": 14.430575999668541,
                                            "children": {
                                                "TorchPolicy.sample_actions": {
                                                    "total": 42.59214040015493,
                                                    "count": 22942,
                                                    "self": 42.59214040015493
                                                }
                                            }
                                        }
                                    }
                                },
                                "workers": {
                                    "total": 0.6149156998284404,
                                    "count": 22920,
                                    "self": 0.0,
                                    "children": {
                                        "worker_root": {
                                            "total": 339151.65967679955,
                                            "count": 22934,