{
    "name": "root",
    "gauges": {
        "WallPlacer.Policy.Entropy.mean": {
            "value": 1.146828293800354,
            "min": 1.0504517555236816,
            "max": 1.1669745445251465,
            "count": 583
        },
        "WallPlacer.Policy.Entropy.sum": {
            "value": 146.7940216064453,
            "min": 113.92543029785156,
            "max": 149.37274169921875,
            "count": 583
        },
        "WallPlacer.Environment.EpisodeLength.mean": {
            "value": 0.0,
            "min": 0.0,
            "max": 0.0,
            "count": 583
        },
        "WallPlacer.Environment.EpisodeLength.sum": {
            "value": 0.0,
            "min": 0.0,
            "max": 0.0,
            "count": 583
        },
        "WallPlacer.Step.mean": {
            "value": 129663.0,
            "min": 55167.0,
            "max": 129663.0,
            "count": 583
        },
        "WallPlacer.Step.sum": {
            "value": 129663.0,
            "min": 55167.0,
            "max": 129663.0,
            "count": 583
        },
        "WallPlacer.Policy.ExtrinsicValue.mean": {
            "value": 8.35849380493164,
            "min": 8.35849380493164,
            "max": 9.626941680908203,
            "count": 583
        },
        "WallPlacer.Policy.ExtrinsicValue.sum": {
            "value": 1069.88720703125,
            "min": 888.1353759765625,
            "max": 1232.24853515625,
            "count": 583
        },
        "WallPlacer.Environment.CumulativeReward.mean": {
            "value": 8.560783572727814,
            "min": 6.532187422621064,
            "max": 9.021476056892425,
            "count": 583
        },
        "WallPlacer.Environment.CumulativeReward.sum": {
            "value": 1095.7802973091602,
            "min": 819.9607870578766,
            "max": 1154.7489352822304,
            "count": 583
        },
        "WallPlacer.Policy.ExtrinsicReward.mean": {
            "value": 8.560783572727814,
            "min": 6.532187422621064,
            "max": 9.021476056892425,
            "count": 583
        },
        "WallPlacer.Policy.ExtrinsicReward.sum": {
            "value": 1095.7802973091602,
            "min": 819.9607870578766,
            "max": 1154.7489352822304,
            "count": 583
        },
        "WallPlacer.IsTraining.mean": {
            "value": 1.0,
            "min": 1.0,
            "max": 1.0,
            "count": 583
        },
        "WallPlacer.IsTraining.sum": {
            "value": 1.0,
            "min": 1.0,
            "max": 1.0,
            "count": 583
        },
        "WallPlacer.Losses.PolicyLoss.mean": {
            "value": -8.5045713697161,
            "min": -9.612106459481376,
            "max": -8.487156867980957,
            "count": 582
        },
        "WallPlacer.Losses.PolicyLoss.sum": {
            "value": -59.531999588012695,
            "min": -110.46759666261218,
            "max": -50.93701171875,
            "count": 582
        },
        "WallPlacer.Losses.ValueLoss.mean": {
            "value": 0.1335457627262388,
            "min": 0.09201298529903094,
            "max": 0.3305851744280921,
            "count": 582
        },
        "WallPlacer.Losses.ValueLoss.sum": {
            "value": 0.9348203390836716,
            "min": 0.5520779117941856,
            "max": 3.967022093137105,
            "count": 582
        },
        "WallPlacer.Losses.Q1Loss.mean": {
            "value": 3.9124321937561035,
            "min": 2.1485975777109463,
            "max": 5.305957112993513,
            "count": 582
        },
        "WallPlacer.Losses.Q1Loss.sum": {
            "value": 27.387025356292725,
            "min": 18.042176485061646,
            "max": 37.14169979095459,
            "count": 582
        },
        "WallPlacer.Losses.Q2Loss.mean": {
            "value": 3.947633675166539,
            "min": 2.1519363732328487,
            "max": 5.294954776763916,
            "count": 582
        },
        "WallPlacer.Losses.Q2Loss.sum": {
            "value": 27.63343572616577,
            "min": 18.206103563308716,
            "max": 37.06468343734741,
            "count": 582
        },
        "WallPlacer.Policy.ContinuousEntropyCoeff.mean": {
            "value": 0.3291525287287576,
            "min": 0.3291525287287576,
            "max": 0.9983702929365257,
            "count": 582
        },
        "WallPlacer.Policy.ContinuousEntropyCoeff.sum": {
            "value": 2.304067701101303,
            "min": 1.9785942435264587,
            "max": 11.980443515238308,
            "count": 582
        },
        "WallPlacer.Policy.LearningRate.mean": {
            "value": 0.0003,
            "min": 0.0003,
            "max": 0.0003,
            "count": 582
        },
        "WallPlacer.Policy.LearningRate.sum": {
            "value": 0.0021,
            "min": 0.0017999999999999997,
            "max": 0.0035999999999999995,
            "count": 582
        }
    },
    "metadata": {
        "timer_format_version": "0.1.0",
        "start_time_seconds": "1720481164",
        "python_version": "3.7.16 (default, Jan 17 2023, 16:06:28) [MSC v.1916 64 bit (AMD64)]",
        "command_line_arguments": "C:\\Users\\elect\\.conda\\envs\\ml-agents-2020\\Scripts\\mlagents-learn config\\SACWallPlacerConfig.yaml --run-id=wall07 --env=Builds\\ProperFixedUpdate\\CrowdSim --num-envs=4 --resume",
        "mlagents_version": "0.29.0",
        "mlagents_envs_version": "0.29.0",
        "communication_protocol_version": "1.5.0",
        "pytorch_version": "1.13.1+cpu",
        "numpy_version": "1.21.2",
        "end_time_seconds": "1720802505"
    },
    "total": 321333.9657293,
    "count": 1,
    "self": 10.067044299968984,
    "children": {
        "run_training.setup": {
            "total": 0.7269462000000004,
            "count": 1,
            "self": 0.7269462000000004
        },
        "TrainerController.start_learning": {
            "total": 321323.1717388,
            "count": 1,
            "self": 4.647081798000727,
            "children": {
                "TrainerController._reset_env": {
                    "total": 12.428250400000001,
                    "count": 1,
                    "self": 12.428250400000001
                },
                "TrainerController.advance": {
                    "total": 321305.459682502,
                    "count": 74642,
                    "self": 2.6318841986940242,
                    "children": {
                        "env_step": {
                            "total": 321302.82779830333,
                            "count": 74642,
                            "self": 321085.6998825965,
                            "children": {
                                "SubprocessEnvManager._take_step": {
                                    "total": 214.59990380850755,
                                    "count": 74658,
                                    "self": 11.776213610719395,
                                    "children": {
                                        "TorchPolicy.evaluate": {
                                            "total": 202.82369019778815,
                                            "count": 74658,
                                            "self": 30.41555429651322,
                                            "children": {
                                                "TorchPolicy.sample_actions": {
                                                    "total": 172.40813590127493,
                                                    "count": 74658,
                                                    "self": 172.40813590127493
                                                }
                                            }
                                        }
                                    }
                                },
                                "workers": {
                                    "total": 2.5280118983136646,