{
    "name": "root",
    "gauges": {
        "WallPlacer.Policy.Entropy.mean": {
            "value": 1.3887051343917847,
            "min": 1.3887051343917847,
            "max": 1.4462714195251465,
            "count": 7
        },
        "WallPlacer.Policy.Entropy.sum": {
            "value": 177.75425720214844,
            "min": 177.75425720214844,
            "max": 185.12274169921875,
            "count": 7
        },
        "WallPlacer.Environment.EpisodeLength.mean": {
            "value": 0.0,
            "min": 0.0,
            "max": 0.0,
            "count": 7
        },
        "WallPlacer.Environment.EpisodeLength.sum": {
            "value": 0.0,
            "min": 0.0,
            "max": 0.0,
            "count": 7
        },
        "WallPlacer.Step.mean": {
            "value": 895.0,
            "min": 127.0,
            "max": 895.0,
            "count": 7
        },
        "WallPlacer.Step.sum": {
            "value": 895.0,
            "min": 127.0,
            "max": 895.0,
            "count": 7
        },
        "WallPlacer.Policy.ExtrinsicValue.mean": {
            "value": 0.356370210647583,
            "min": 0.04289327189326286,
            "max": 0.356370210647583,
            "count": 7
        },
        "WallPlacer.Policy.ExtrinsicValue.sum": {
            "value": 45.615386962890625,
            "min": 5.447445392608643,
            "max": 45.615386962890625,
            "count": 7
        },
        "WallPlacer.Environment.CumulativeReward.mean": {
            "value": 3.4341565342328977,
            "min": 3.1956946898135357,
            "max": 3.9600945275247565,
            "count": 7
        },
        "WallPlacer.Environment.CumulativeReward.sum": {
            "value": 439.5720363818109,
            "min": 409.04892029613256,
            "max": 502.9320049956441,
            "count": 7
        },
        "WallPlacer.Policy.ExtrinsicReward.mean": {
            "value": 3.4341565342328977,
            "min": 3.1956946898135357,
            "max": 3.9600945275247565,
            "count": 7
        },
        "WallPlacer.Policy.ExtrinsicReward.sum": {
            "value": 439.5720363818109,
            "min": 409.04892029613256,
            "max": 502.9320049956441,
            "count": 7
        },
        "WallPlacer.IsTraining.mean": {
            "value": 1.0,
            "min": 1.0,
            "max": 1.0,
            "count": 7
        },
        "WallPlacer.IsTraining.sum": {
            "value": 1.0,
            "min": 1.0,
            "max": 1.0,
            "count": 7
        },
        "WallPlacer.Losses.PolicyLoss.mean": {
            "value": -3.4332546393076577,
            "min": -3.4332546393076577,
            "max": -2.7544844432009588,
            "count": 6
        },
        "WallPlacer.Losses.PolicyLoss.sum": {
            "value": -20.599527835845947,
            "min": -33.05381331841151,
            "max": -18.467631578445435,
            "count": 6
        },
        "WallPlacer.Losses.ValueLoss.mean": {
            "value": 4.271341800689697,
            "min": 3.199938793977102,
            "max": 4.271341800689697,
            "count": 6
        },
        "WallPlacer.Losses.ValueLoss.sum": {
            "value": 25.628050804138184,
            "min": 22.724012851715088,
            "max": 38.39926552772522,
            "count": 6
        },
        "WallPlacer.Losses.Q1Loss.mean": {
            "value": 16.132280508677166,
            "min": 14.267128263201032,
            "max": 20.22864203453064,
            "count": 6
        },
        "WallPlacer.Losses.Q1Loss.sum": {
            "value": 96.79368305206299,
            "min": 87.16598415374756,
            "max": 242.74370441436767,
            "count": 6
        },
        "WallPlacer.Losses.Q2Loss.mean": {
            "value": 16.479572614034016,
            "min": 14.559712409973145,
            "max": 20.553144012557137,
            "count": 6
        },
        "WallPlacer.Losses.Q2Loss.sum": {
            "value": 98.8774356842041,
            "min": 89.09586334228516,
            "max": 246.63772815068563,
            "count": 6
        },
        "WallPlacer.Policy.ContinuousEntropyCoeff.mean": {
            "value": 0.9876114924748739,
            "min": 0.9876114924748739,
            "max": 0.9982396695348951,
            "count": 6
        },
        "WallPlacer.Policy.ContinuousEntropyCoeff.sum": {
            "value": 5.925668954849243,
            "min": 5.925668954849243,
            "max": 11.978876034418741,
            "count": 6
        },
        "WallPlacer.Policy.LearningRate.mean": {
            "value": 0.0003,
            "min": 0.0003,
            "max": 0.0003,
            "count": 6
        },
        "WallPlacer.Policy.LearningRate.sum": {
            "value": 0.0017999999999999997,
            "min": 0.0017999999999999997,
            "max": 0.0035999999999999995,
            "count": 6
        }
    },
    "metadata": {
        "timer_format_version": "0.1.0",
        "start_time_seconds": "1720212814",
        "python_version": "3.7.16 (default, Jan 17 2023, 16:06:28) [MSC v.1916 64 bit (AMD64)]",
        "command_line_arguments": "C:\\Users\\elect\\.conda\\envs\\ml-agents-2020\\Scripts\\mlagents-learn config\\SACWallPlacerConfig.yaml --run-id=wall07 --env=Builds\\ProperFixedUpdate\\CrowdSim --num-envs=4",
        "mlagents_version": "0.29.0",
        "mlagents_envs_version": "0.29.0",
        "communication_protocol_version": "1.5.0",
        "pytorch_version": "1.13.1+cpu",
        "numpy_version": "1.21.2",
        "end_time_seconds": "1720217503"
    },
    "total": 4689.2588174,
    "count": 1,
    "self": 4.617782900000748,
    "children": {
        "run_training.setup": {
            "total": 0.41779989999999945,
            "count": 1,
            "self": 0.41779989999999945
        },
        "TrainerController.start_learning": {
            "total": 4684.223234599999,
            "count": 1,
            "self": 0.07649549999314331,
            "children": {
                "TrainerController._reset_env": {
                    "total": 6.932576399999999,
                    "count": 1,
                    "self": 6.932576399999999
                },
                "TrainerController.advance": {
                    "total": 4676.873099200006,
                    "count": 902,
                    "self": 0.033497800000077405,
                    "children": {
                        "env_step": {
                            "total": 4676.839601400006,
                            "count": 902,
                            "self": 4673.698884899998,
                            "children": {
                                "SubprocessEnvManager._take_step": {
                                    "total": 3.109700700003124,
                                    "count": 905,
                                    "self": 0.15348050000052282,
                                    "children": {
                                        "TorchPolicy.evaluate": {
                                            "total": 2.956220200002601,
                                            "count": 905,
                                            "self": 0.4263688000006649,
                                            "children": {
                                                "TorchPolicy.sample_actions": {
                                                    "total": 2.5298514000019363,
                                                    "count": 905,
                                                    "self": 2.5298514000019363
                                                }
                                            }
                                        }
                                    }
                                },
                                "workers": {
                                    "total": 0.031015800005313565,
                                    "count": 901,