{
    "name": "root",
    "gauges": {
        "WallPlacer.Policy.Entropy.mean": {
            "value": 0.8837474584579468,
            "min": 0.7097203731536865,
            "max": 0.8837474584579468,
            "count": 204
        },
        "WallPlacer.Policy.Entropy.sum": {
            "value": 113.11967468261719,
            "min": 45.481719970703125,
            "max": 113.11967468261719,
            "count": 204
        },
        "WallPlacer.Environment.EpisodeLength.mean": {
            "value": 0.0,
            "min": 0.0,
            "max": 0.0,
            "count": 204
        },
        "WallPlacer.Environment.EpisodeLength.sum": {
            "value": 0.0,
            "min": 0.0,
            "max": 0.0,
            "count": 204
        },
        "WallPlacer.Step.mean": {
            "value": 73855.0,
            "min": 47871.0,
            "max": 73855.0,
            "count": 204
        },
        "WallPlacer.Step.sum": {
            "value": 73855.0,
            "min": 47871.0,
            "max": 73855.0,
            "count": 204
        },
        "WallPlacer.Policy.ExtrinsicValue.mean": {
            "value": 90.485595703125,
            "min": 89.44310760498047,
            "max": 92.49665832519531,
            "count": 204
        },
        "WallPlacer.Policy.ExtrinsicValue.sum": {
            "value": 11582.15625,
            "min": 4829.927734375,
            "max": 11839.572265625,
            "count": 204
        },
        "WallPlacer.Environment.CumulativeReward.mean": {
            "value": 93.8444527387619,
            "min": 93.42136891682942,
            "max": 94.28038358688354,
            "count": 204
        },
        "WallPlacer.Environment.CumulativeReward.sum": {
            "value": 12012.089950561523,
            "min": 5044.753921508789,
            "max": 12067.889099121094,
            "count": 204
        },
        "WallPlacer.Policy.ExtrinsicReward.mean": {
            "value": 93.8444527387619,
            "min": 93.42136891682942,
            "max": 94.28038358688354,
            "count": 204
        },
        "WallPlacer.Policy.ExtrinsicReward.sum": {
            "value": 12012.089950561523,
            "min": 5044.753921508789,
            "max": 12067.889099121094,
            "count": 204
        },
        "WallPlacer.IsTraining.mean": {
            "value": 1.0,
            "min": 1.0,
            "max": 1.0,
            "count": 204
        },
        "WallPlacer.IsTraining.sum": {
            "value": 1.0,
            "min": 1.0,
            "max": 1.0,
            "count": 204
        },
        "WallPlacer.Losses.PolicyLoss.mean": {
            "value": -90.39020156860352,
            "min": -91.83080945696149,
            "max": -90.39020156860352,
            "count": 203
        },
        "WallPlacer.Losses.PolicyLoss.sum": {
            "value": -542.3412094116211,
            "min": -912.3669353121803,
            "max": -542.3412094116211,
            "count": 203
        },
        "WallPlacer.Losses.ValueLoss.mean": {
            "value": 0.20516900221506754,
            "min": 0.030938819516450167,
            "max": 1.8973646043595813,
            "count": 203
        },
        "WallPlacer.Losses.ValueLoss.sum": {
            "value": 1.2310140132904053,
            "min": 0.185632917098701,
            "max": 18.973646043595814,
            "count": 203
        },
        "WallPlacer.Losses.Q1Loss.mean": {
            "value": 1.1376589337984722,
            "min": 0.9594281571252006,
            "max": 3.54176830757232,
            "count": 203
        },
        "WallPlacer.Losses.Q1Loss.sum": {
            "value": 6.8259536027908325,
            "min": 6.3771520256996155,
            "max": 35.4176830757232,
            "count": 203
        },
        "WallPlacer.Losses.Q2Loss.mean": {
            "value": 1.28961780667305,
            "min": 1.077556780406407,
            "max": 4.2175614591439565,
            "count": 203
        },
        "WallPlacer.Losses.Q2Loss.sum": {
            "value": 7.7377068400383,
            "min": 7.151238799095154,
            "max": 42.17561459143957,
            "count": 203
        },
        "WallPlacer.Policy.ContinuousEntropyCoeff.mean": {
            "value": 1.4138856132825215,
            "min": 1.0008655706473761,
            "max": 1.4138856132825215,
            "count": 203
        },
        "WallPlacer.Policy.ContinuousEntropyCoeff.sum": {
            "value": 8.48331367969513,
            "min": 6.0311267375946045,
            "max": 10.00865570647376,
            "count": 203
        },
        "WallPlacer.Policy.LearningRate.mean": {
            "value": 0.0003,
            "min": 0.0003,
            "max": 0.0003,
            "count": 203
        },
        "WallPlacer.Policy.LearningRate.sum": {
            "value": 0.0017999999999999997,
            "min": 0.0017999999999999997,
            "max": 0.0029999999999999996,
            "count": 203
        }
    },
    "metadata": {
        "timer_format_version": "0.1.0",
        "start_time_seconds": "1720984856",
        "python_version": "3.7.16 (default, Jan 17 2023, 16:06:28) [MSC v.1916 64 bit (AMD64)]",
        "command_line_arguments": "C:\\Users\\elect\\.conda\\envs\\ml-agents-2020\\Scripts\\mlagents-learn config\\SACWallPlacerConfig.yaml --run-id=wall08 --env=Builds\\LimitedScenario\\CrowdSim --num-envs=8 --resume",
        "mlagents_version": "0.29.0",
        "mlagents_envs_version": "0.29.0",
        "communication_protocol_version": "1.5.0",
        "pytorch_version": "1.13.1+cpu",
        "numpy_version": "1.21.2",
        "end_time_seconds": "1721061473"
    },
    "total": 76616.34591949999,
    "count": 1,
    "self": 6.99934939997911,
    "children": {
        "run_training.setup": {
            "total": 1.0171013000000002,
            "count": 1,
            "self": 1.0171013000000002
        },
        "TrainerController.start_learning": {
            "total": 76608.3294688,
            "count": 1,
            "self": 1.6248028005211381,
            "children": {
                "TrainerController._reset_env": {
                    "total": 14.8218303,
                    "count": 1,
                    "self": 14.8218303
                },
                "TrainerController.advance": {
                    "total": 76590.38430579948,
                    "count": 26161,
                    "self": 0.8945507993048523,
                    "children": {
                        "env_step": {
                            "total": 76589.48975500018,
                            "count": 26161,
                            "self": 76460.47885840065,
                            "children": {
                                "SubprocessEnvManager._take_step": {
                                    "total": 128.10038260061464,
                                    "count": 26173,
                                    "self": 4.364681500587835,
                                    "children": {
                                        "TorchPolicy.evaluate": {
                                            "total": 123.7357011000268,
                                            "count": 26173,
                                            "self": 10.941319200172444,
                                            "children": {
                                                "TorchPolicy.sample_actions": {
                                                    "total": 112.79438189985436,
                                                    "count": 26173,
                                                    "self": 112.79438189985436
                                                }
                                            }
                                        }
                                    }
                                },
                                "workers": {
                                    "total": 0.9105139989130038,