{
    "name": "root",
    "metadata": {
        "timer_format_version": "0.1.0",
        "start_time_seconds": "1711851217",
        "python_version": "3.7.16 (default, Jan 17 2023, 16:06:28) [MSC v.1916 64 bit (AMD64)]",
        "command_line_arguments": "C:\\ProgramData\\anaconda3\\envs\\ml-agents\\Scripts\\mlagents-learn --run-id=initialTest",
        "mlagents_version": "0.28.0",
        "mlagents_envs_version": "0.28.0",
        "communication_protocol_version": "1.5.0",
        "pytorch_version": "1.13.1+cpu",
        "numpy_version": "1.21.2",
        "end_time_seconds": "1711851287"
    },
    "total": 69.0456826,
    "count": 1,
    "self": 0.006452000000010116,
    "children": {
        "run_training.setup": {
            "total": 0.08298860000000019,
            "count": 1,
            "self": 0.08298860000000019
        },
        "TrainerController.start_learning": {
            "total": 68.956242,
            "count": 1,
            "self": 0.0004053999999911184,
            "children": {
                "TrainerController._reset_env": {
                    "total": 12.4360006,
                    "count": 1,
                    "self": 12.4360006
                },
                "TrainerController.advance": {
                    "total": 56.3429692,
                    "count": 1,
                    "self": 2.7700000003960668e-05,
                    "children": {
                        "env_step": {
                            "total": 56.342941499999995,
                            "count": 1,
                            "self": 56.273503999999996,
                            "children": {
                                "SubprocessEnvManager._take_step": {
                                    "total": 0.06943749999999937,
                                    "count": 1,
                                    "self": 0.00010479999999901679,
                                    "children": {
                                        "TorchPolicy.evaluate": {
                                            "total": 0.06933270000000036,
                                            "count": 1,
                                            "self": 0.010904000000000025,
                                            "children": {
                                                "TorchPolicy.sample_actions": {
                                                    "total": 0.05842870000000033,
                                                    "count": 1,
                                                    "self": 0.05842870000000033
                                                }
                                            }
                                        }
                                    }
                                }
                            }
                        }
                    }
                },
                "trainer_threads": {
                    "total": 8.000000093488779e-07,
                    "count": 1,
                    "self": 8.000000093488779e-07
                },
                "TrainerController._save_models": {
                    "total": 0.17686600000000396,
                    "count": 1,
                    "self": 0.006879900000001271,
                    "children": {
                        "RLTrainer._checkpoint": {
                            "total": 0.1699861000000027,
                            "count": 1,
                            "self": 0.1699861000000027
                        }
                    }
                }
            }
        }
    }
}