{
    "name": "root",
    "gauges": {
        "WallPlacer.Policy.Entropy.mean": {
            "value": 2.1281940937042236,
            "min": 1.5939972400665283,
            "max": 3.2663772106170654,
            "count": 201
        },
        "WallPlacer.Policy.Entropy.sum": {
            "value": 42.563880920410156,
            "min": 31.879945755004883,
            "max": 65.32754516601562,
            "count": 201
        },
        "WallPlacer.Environment.EpisodeLength.mean": {
            "value": 0.0,
            "min": 0.0,
            "max": 0.0,
            "count": 201
        },
        "WallPlacer.Environment.EpisodeLength.sum": {
            "value": 0.0,
            "min": 0.0,
            "max": 0.0,
            "count": 201
        },
        "WallPlacer.Step.mean": {
            "value": 4019.0,
            "min": 19.0,
            "max": 4019.0,
            "count": 201
        },
        "WallPlacer.Step.sum": {
            "value": 4019.0,
            "min": 19.0,
            "max": 4019.0,
            "count": 201
        },
        "WallPlacer.Policy.ExtrinsicValueEstimate.mean": {
            "value": -2070.30322265625,
            "min": -2070.30322265625,
            "max": 19.074426651000977,
            "count": 201
        },
        "WallPlacer.Policy.ExtrinsicValueEstimate.sum": {
            "value": -41406.0625,
            "min": -41406.0625,
            "max": 381.488525390625,
            "count": 201
        },
        "WallPlacer.Environment.CumulativeReward.mean": {
            "value": -1944.0482177734375,
            "min": -2371.7005920410156,
            "max": -4.581974061696153,
            "count": 201
        },
        "WallPlacer.Environment.CumulativeReward.sum": {
            "value": -38880.96435546875,
            "min": -47434.01184082031,
            "max": -87.0575071722269,
            "count": 201
        },
        "WallPlacer.Policy.ExtrinsicReward.mean": {
            "value": -1944.0482177734375,
            "min": -2371.7005920410156,
            "max": -4.581974061696153,
            "count": 201
        },
        "WallPlacer.Policy.ExtrinsicReward.sum": {
            "value": -38880.96435546875,
            "min": -47434.01184082031,
            "max": -87.0575071722269,
            "count": 201
        },
        "WallPlacer.IsTraining.mean": {
            "value": 1.0,
            "min": 1.0,
            "max": 1.0,
            "count": 201
        },
        "WallPlacer.IsTraining.sum": {
            "value": 1.0,
            "min": 1.0,
            "max": 1.0,
            "count": 201
        },
        "WallPlacer.Losses.PolicyLoss.mean": {
            "value": 0.1552972700446844,
            "min": 0.09720583854553601,
            "max": 0.21671124324202537,
            "count": 39
        },
        "WallPlacer.Losses.PolicyLoss.sum": {
            "value": 0.1552972700446844,
            "min": 0.09720583854553601,
            "max": 0.21671124324202537,
            "count": 39
        },
        "WallPlacer.Losses.ValueLoss.mean": {
            "value": 445191.31875,
            "min": 1024.1902811686198,
            "max": 572478.9958333333,
            "count": 39
        },
        "WallPlacer.Losses.ValueLoss.sum": {
            "value": 445191.31875,
            "min": 1024.1902811686198,
            "max": 572478.9958333333,
            "count": 39
        },
        "WallPlacer.Policy.LearningRate.mean": {
            "value": 0.00018183003939,
            "min": 0.00018183003939,
            "max": 0.00029697000101,
            "count": 39
        },
        "WallPlacer.Policy.LearningRate.sum": {
            "value": 0.00018183003939,
            "min": 0.00018183003939,
            "max": 0.00029697000101,
            "count": 39
        },
        "WallPlacer.Policy.Epsilon.mean": {
            "value": 0.16061000000000009,
            "min": 0.16061000000000009,
            "max": 0.19899000000000006,
            "count": 39
        },
        "WallPlacer.Policy.Epsilon.sum": {
            "value": 0.16061000000000009,
            "min": 0.16061000000000009,
            "max": 0.19899000000000006,
            "count": 39
        },
        "WallPlacer.Policy.Beta.mean": {
            "value": 0.0030344390000000003,
            "min": 0.0030344390000000003,
            "max": 0.004949601,
            "count": 39
        },
        "WallPlacer.Policy.Beta.sum": {
            "value": 0.0030344390000000003,
            "min": 0.0030344390000000003,
            "max": 0.004949601,
            "count": 39
        }
    },
    "metadata": {
        "timer_format_version": "0.1.0",
        "start_time_seconds": "1715970743",
        "python_version": "3.7.16 (default, Jan 17 2023, 16:06:28) [MSC v.1916 64 bit (AMD64)]",
        "command_line_arguments": "C:\\Users\\elect\\.conda\\envs\\ml-agents-2020\\Scripts\\mlagents-learn config\\WallPlacerConfig.yaml --env=Builds\\TrainingBuildBidirectional\\CrowdSim --num-envs=5",
        "mlagents_version": "0.29.0",
        "mlagents_envs_version": "0.29.0",
        "communication_protocol_version": "1.5.0",
        "pytorch_version": "1.13.1+cpu",
        "numpy_version": "1.21.2",
        "end_time_seconds": "1715984646"
    },
    "total": 13902.2585248,
    "count": 1,
    "self": 7.246007899999313,
    "children": {
        "run_training.setup": {
            "total": 0.5025453000000004,
            "count": 1,
            "self": 0.5025453000000004
        },
        "TrainerController.start_learning": {
            "total": 13894.5099716,
            "count": 1,
            "self": 0.3497420999992755,
            "children": {
                "TrainerController._reset_env": {
                    "total": 6.598087999999999,
                    "count": 1,
                    "self": 6.598087999999999
                },
                "TrainerController.advance": {
                    "total": 13887.3556768,
                    "count": 4022,
                    "self": 0.32088449998991564,
                    "children": {
                        "env_step": {
                            "total": 13774.566572700005,
                            "count": 4022,
                            "self": 13733.709168299993,
                            "children": {
                                "SubprocessEnvManager._take_step": {
                                    "total": 40.69568540000525,
                                    "count": 4031,
                                    "self": 0.8210375999797748,
                                    "children": {
                                        "TorchPolicy.evaluate": {
                                            "total": 39.87464780002548,
                                            "count": 4031,
                                            "self": 4.343455300079114,
                                            "children": {
                                                "TorchPolicy.sample_actions": {
                                                    "total": 35.531192499946364,
                                                    "count": 4031,
                                                    "self": 35.531192499946364
                                                }
                                            }
                                        }
                                    }
                                },
                                "workers": {
                                    "total": 0.16171900000794892,
                                    "count": 4021,
                                    "self": 0.0,
                                    "children": {
                                        "worker_root": {
                                            "total": 69403.392427,
                                            "count": 4026,
                                            "is_parallel": true,